{
  "act_35": {
    "n": 35.0,
    "pos": 31.0,
    "sign_p": 3.4654513001441956e-06,
    "mean": 0.5538000000000001,
    "wilcoxon": 5.779438652098179e-07
  },
  "act_54": {
    "n": 54.0,
    "pos": 43.0,
    "sign_p": 1.401305745618586e-05,
    "mean": 0.4423314814814815,
    "wilcoxon": 1.171085383658112e-06
  },
  "act_19": {
    "n": 19.0,
    "pos": 12.0,
    "sign_p": 0.359283447265625,
    "mean": 0.23699473684210529,
    "wilcoxon": 0.09551239013671875
  },
  "inf_35": {
    "n": 35.0,
    "pos": 26.0,
    "sign_p": 0.005988120567053557,
    "mean": 0.27360571428571423,
    "wilcoxon": 0.0002624634653329849
  },
  "edges_35": {
    "n": 35.0,
    "pos": 4.0,
    "sign_p": 3.4654513001441956e-06,
    "mean": -19.96494285714286,
    "wilcoxon": 2.5834888219833374e-06
  },
  "fr_35": {
    "n": 35.0,
    "pos": 8.0,
    "sign_p": 0.0018782254774123432,
    "mean": -0.053002857142857136,
    "wilcoxon": 0.0010270801139995456
  },
  "l2025_35": {
    "n": 35.0,
    "pos": 23.0,
    "sign_p": 0.08953107893466952,
    "mean": 0.012511428571428571,
    "wilcoxon": 0.017162621659470273
  },
  "l1525_35": {
    "n": 35.0,
    "pos": 23.0,
    "sign_p": 0.08953107893466952,
    "mean": 0.017977142857142855,
    "wilcoxon": 0.0052271645890760105
  },
  "errc_35": {
    "n": 35.0,
    "pos": 27.0,
    "sign_p": 0.0018782254774123432,
    "mean": 0.053002857142857136,
    "wilcoxon": 0.0010270801139995456
  },
  "erri_35": {
    "n": 35.0,
    "pos": 25.0,
    "sign_p": 0.016673847800120715,
    "mean": 0.06072857142857142,
    "wilcoxon": 0.000960259698331356
  },
  "edgew_35": {
    "n": 35.0,
    "pos": 24.0,
    "sign_p": 0.040959591511636986,
    "mean": 0.043565714285714284,
    "wilcoxon": 0.0035885178949683905
  },
  "polarity_35": {
    "n": 35.0,
    "pos": 18.0,
    "sign_p": 1.0,
    "mean": 0.01449714285714286,
    "wilcoxon": 0.35920803993940353
  },
  "spread_35": {
    "n": 35.0,
    "pos": 21.0,
    "sign_p": 0.31050465907901537,
    "mean": 0.04496857142857143,
    "wilcoxon": 0.26549480465473607
  },
  "entropy_35": {
    "n": 35.0,
    "pos": 12.0,
    "sign_p": 0.08953107893466952,
    "mean": -0.07543142857142857,
    "wilcoxon": 0.013681406911928207
  },
  "midcont_35": {
    "n": 35.0,
    "pos": 0.0,
    "sign_p": null,
    "mean": 0.0,
    "wilcoxon": null
  },
  "act_auth": {
    "n": 26.0,
    "pos": 23.0,
    "sign_p": 8.797645568847656e-05,
    "mean": 0.5699000000000001,
    "wilcoxon": 9.834766387939453e-07
  },
  "inf_auth": {
    "n": 26.0,
    "pos": 18.0,
    "sign_p": 0.07551869750022888,
    "mean": 0.27578846153846154,
    "wilcoxon": 0.002932935953140259
  }
}